id_persona,cedula,nombre,apellido,direccion,telefono,email
1,1102671234,Adriana paola ,Santanilla carvajal,El Valle ,985274240,elisavicente@gmail.com
2,1196357848,Adriana giraldo,Montoya montoya,El Valle ,978521476,paoladiza@gmail.com
3,1196357849,Adriana marcela,Tinoco,Las Penas,978521477,elisavicente@gmail.com
4,1196357850,Alexander, Lozano santos,La argelia,978521478,paoladiza@gmail.com
5,1196357851,Alcira ,Santanilla carvajal,Motupe,978521479,elisavicente@gmail.com
6,1196357852,Amparo ,Montoya montoya,La pradera,978521480,paoladiza@gmail.com
7,1196357853,Ana maria,Tinoco,Jipiro,978521481,elisavicente@gmail.com
8,1196357854,Andrea ariza, Lozano santos,San sebastian,978521482,paoladiza@gmail.com
9,1196357855,Andrea carolina, Acuña mendoza,El Valle ,978521483,elisavicente@gmail.com
10,1196357856,Andrea del pilar ,Cortes barreto,Las Penas,978521484,paoladiza@gmail.com
11,1196357857,Andrea del pilar, Guzman rojas,La argelia,978521485,elisavicente@gmail.com
12,1196357858,Andrea paola ,Gutierrez romero,Motupe,978521486,paoladiza@gmail.com
13,1196357859,Andrea liliana, Samper martinez,La pradera,978521487,paoladiza@gmail.com
14,1196357860,Andrea marcela ,Barragan garcia,Jipiro,978521488,elisavicente@gmail.com
15,1196357861,Andrea yohanna ,Pinzon yepes,San sebastian,978521489,paoladiza@gmail.com
16,1196357862,Amelia perez ,Tabares,El Valle ,978521490,elisavicente@gmail.com
17,1196357863,Alejandra maria ,Agudelo suarez,Las Penas,978521491,paoladiza@gmail.com
18,1196357864,Alvaro, Calderon artunduaga,La argelia,978521492,elisavicente@gmail.com
19,1196357865,Ayda catalina, Pulido chaparro,Motupe,978521493,paoladiza@gmail.com
20,1196357866,Bertha ximena patricia, Barbosa torres,La pradera,978521494,elisavicente@gmail.com
21,1196357867,Betsabe ,Bautista vargas,Jipiro,978521495,paoladiza@gmail.com
22,1196357868,Camilo alexanderx,Bautista vargas,San sebastian,978521496,elisavicente@gmail.com
23,1196357869,Carolina, Isaza ramirez ,El Valle ,978521497,paoladiza@gmail.com
24,1196357870,Cesar augusto, Ramirez laverde,Las Penas,978521498,paoladiza@gmail.com
25,1196357871,Celmira patricia ,Arroyave corredor,La argelia,978521499,elisavicente@gmail.com
26,1196357872,Claudia marcela ,Navarrete cortes,Motupe,978521500,paoladiza@gmail.com
27,1196357873,Claudia marcelas, Lozada aragon,La pradera,978521501,elisavicente@gmail.com
28,1196357874,Claudia patricia, Bolivar carreño,Jipiro,978521502,paoladiza@gmail.com
29,1196357875,Claudia patricia ,Gallo cifuentes,San sebastian,978521503,elisavicente@gmail.com
30,1196357876,Claudia pilar, Vanegas ortiz,El Valle ,978521504,paoladiza@gmail.com
31,1196357877,Constanza ,Agudelo forero,Las Penas,978521505,elisavicente@gmail.com
32,1196357878,Consuelo, Guerrero calderon,La argelia,978521506,paoladiza@gmail.com
33,1196357879,Consuelo, Reyes suarez,Motupe,978521507,elisavicente@gmail.com
34,1196357880,Cryshna consuelo ,Moscoso peña,La pradera,978521508,paoladiza@gmail.com
35,1196357881,Diana carolina, Palacios zaque,Jipiro,978521509,paoladiza@gmail.com
36,1196357882,Diana marcela ,Herrera herrera,San sebastian,978521510,elisavicente@gmail.com
37,1196357883,Diana milena ,Sabogal ramirez,El Valle ,978521511,paoladiza@gmail.com
38,1196357884,Diana patricia, Avila saenz,Las Penas,978521512,elisavicente@gmail.com
39,1196357885,Diana patricia ,Benavidez solorza,La argelia,978521513,paoladiza@gmail.com
40,1196357886,Diego andres, Valero garay,Motupe,978521514,elisavicente@gmail.com
41,1196357887,Dolly janeth ,Prada guzman,La pradera,978521515,paoladiza@gmail.com
42,1196357888,Elizabeth ,Cardenas martinez,Jipiro,978521516,elisavicente@gmail.com
43,1196357889,Elizabeth, Jaimes sanchez,San sebastian,978521517,paoladiza@gmail.com
44,1196357890,Elkin ronald ,Puche vega,El Valle ,978521518,elisavicente@gmail.com
45,1196357891,Erley ,Camacho mendoza,Las Penas,978521519,paoladiza@gmail.com
46,1196357892,Erika yineth, Villalba olaya,La argelia,978521520,paoladiza@gmail.com
47,1196357893,Erika andrea ,Vanegas herrera,Motupe,978521521,elisavicente@gmail.com
48,1196357894,Fabian rico ,Rodriguez,La pradera,978521522,paoladiza@gmail.com
49,1196357895,Fanny esmeralda, Paez gonzalez,Jipiro,978521523,elisavicente@gmail.com
